<quizzes>
  <quiz courseName="Demo Course" courseType="TECNICO" courseExecutionType="TECNICO" acronym="DemoCourse" academicTerm="1st Semester" key="5370" scramble="false" qrCodeOnly="false" oneWay="false" type="PROPOSED" title="Designing an architecture" availableDate="2019-10-22T10:11:00Z">
    <quizQuestions>
      <quizQuestion sequence="4" questionKey="1588" />
      <quizQuestion sequence="3" questionKey="1810" />
      <quizQuestion sequence="0" questionKey="1800" />
      <quizQuestion sequence="2" questionKey="1807" />
      <quizQuestion sequence="1" questionKey="1804" />
    </quizQuestions>
  </quiz>
  <quiz courseName="Demo Course" courseType="TECNICO" courseExecutionType="TECNICO" acronym="DemoCourse" academicTerm="1st Semester" key="5371" scramble="false" qrCodeOnly="false" oneWay="false" type="PROPOSED" title="Availability scenarios" availableDate="2019-10-09T10:00:00Z" conclusionDate="2020-02-10T10:50:00Z">
    <quizQuestions>
      <quizQuestion sequence="0" questionKey="1805" />
      <quizQuestion sequence="2" questionKey="1798" />
      <quizQuestion sequence="3" questionKey="1370" />
      <quizQuestion sequence="4" questionKey="1389" />
      <quizQuestion sequence="1" questionKey="1331" />
    </quizQuestions>
  </quiz>
  <quiz courseName="Demo Course" courseType="TECNICO" courseExecutionType="TECNICO" acronym="DemoCourse" academicTerm="1st Semester" key="5372" scramble="false" qrCodeOnly="false" oneWay="false" type="PROPOSED" title="Graphite qualities, scenarios and tactics" availableDate="2019-10-15T16:40:00Z">
    <quizQuestions>
      <quizQuestion sequence="0" questionKey="1963" />
      <quizQuestion sequence="1" questionKey="1944" />
      <quizQuestion sequence="3" questionKey="1952" />
      <quizQuestion sequence="4" questionKey="1962" />
      <quizQuestion sequence="2" questionKey="1976" />
    </quizQuestions>
  </quiz>
  <quiz courseName="Demo Course" courseType="TECNICO" courseExecutionType="TECNICO" acronym="DemoCourse" academicTerm="1st Semester" key="5373" scramble="false" qrCodeOnly="false" oneWay="false" type="PROPOSED" title="Modifiability Scenarios and Tactics" availableDate="2019-10-16T10:00:00Z">
    <quizQuestions>
      <quizQuestion sequence="3" questionKey="1788" />
      <quizQuestion sequence="4" questionKey="1799" />
      <quizQuestion sequence="0" questionKey="1784" />
      <quizQuestion sequence="1" questionKey="1424" />
      <quizQuestion sequence="2" questionKey="1856" />
    </quizQuestions>
  </quiz>
  <quiz courseName="Demo Course" courseType="TECNICO" courseExecutionType="TECNICO" acronym="DemoCourse" academicTerm="1st Semester" key="5374" scramble="false" qrCodeOnly="false" oneWay="false" type="PROPOSED" title="Module Viewtype and its Styles" availableDate="2019-11-01T00:00:00Z">
    <quizQuestions>
      <quizQuestion sequence="4" questionKey="1581" />
      <quizQuestion sequence="0" questionKey="1960" />
      <quizQuestion sequence="2" questionKey="1488" />
      <quizQuestion sequence="1" questionKey="1490" />
      <quizQuestion sequence="3" questionKey="1968" />
    </quizQuestions>
  </quiz>
  <quiz courseName="Demo Course" courseType="TECNICO" courseExecutionType="TECNICO" acronym="DemoCourse" academicTerm="1st Semester" key="5375" scramble="false" qrCodeOnly="false" oneWay="false" type="PROPOSED" title="Component-and-connector viewtype" availableDate="2019-11-22T00:00:00Z">
    <quizQuestions>
      <quizQuestion sequence="2" questionKey="1507" />
      <quizQuestion sequence="1" questionKey="1392" />
      <quizQuestion sequence="4" questionKey="1504" />
      <quizQuestion sequence="0" questionKey="1489" />
      <quizQuestion sequence="3" questionKey="1506" />
    </quizQuestions>
  </quiz>
  <quiz courseName="Demo Course" courseType="TECNICO" courseExecutionType="TECNICO" acronym="DemoCourse" academicTerm="1st Semester" key="5376" scramble="false" qrCodeOnly="false" oneWay="false" type="PROPOSED" title="Allocation viewtype" availableDate="2019-11-22T00:00:00Z">
    <quizQuestions>
      <quizQuestion sequence="0" questionKey="1536" />
      <quizQuestion sequence="3" questionKey="1526" />
      <quizQuestion sequence="1" questionKey="1514" />
      <quizQuestion sequence="4" questionKey="1528" />
      <quizQuestion sequence="2" questionKey="1520" />
    </quizQuestions>
  </quiz>
  <quiz courseName="Demo Course" courseType="TECNICO" courseExecutionType="TECNICO" acronym="DemoCourse" academicTerm="1st Semester" key="5359" scramble="false" qrCodeOnly="false" oneWay="false" type="PROPOSED" title="The importance of software architecture and How to create an architecture" availableDate="2019-09-25T10:00:00Z">
    <quizQuestions>
      <quizQuestion sequence="1" questionKey="1675" />
      <quizQuestion sequence="3" questionKey="1492" />
      <quizQuestion sequence="2" questionKey="1494" />
      <quizQuestion sequence="0" questionKey="1676" />
      <quizQuestion sequence="4" questionKey="1495" />
    </quizQuestions>
  </quiz>
  <quiz courseName="Demo Course" courseType="TECNICO" courseExecutionType="TECNICO" acronym="DemoCourse" academicTerm="1st Semester" key="5360" scramble="false" qrCodeOnly="false" oneWay="false" type="PROPOSED" title="Quality attributes and scenarios" availableDate="2019-09-30T19:00:00Z">
    <quizQuestions>
      <quizQuestion sequence="0" questionKey="1544" />
      <quizQuestion sequence="2" questionKey="1940" />
      <quizQuestion sequence="4" questionKey="1551" />
      <quizQuestion sequence="1" questionKey="1320" />
      <quizQuestion sequence="3" questionKey="1319" />
    </quizQuestions>
  </quiz>
  <quiz courseName="Demo Course" courseType="TECNICO" courseExecutionType="TECNICO" acronym="DemoCourse" academicTerm="1st Semester" key="5361" scramble="false" qrCodeOnly="false" oneWay="false" type="PROPOSED" title="Microservices" availableDate="2019-09-20T21:40:00Z">
    <quizQuestions>
      <quizQuestion sequence="2" questionKey="1559" />
      <quizQuestion sequence="0" questionKey="1557" />
      <quizQuestion sequence="3" questionKey="1558" />
      <quizQuestion sequence="1" questionKey="1556" />
      <quizQuestion sequence="4" questionKey="1427" />
    </quizQuestions>
  </quiz>
  <quiz courseName="Demo Course" courseType="TECNICO" courseExecutionType="TECNICO" acronym="DemoCourse" academicTerm="1st Semester" key="5362" scramble="false" qrCodeOnly="false" oneWay="false" type="PROPOSED" title="What is software architecture? - Concepts" availableDate="2019-09-20T23:31:00Z">
    <quizQuestions>
      <quizQuestion sequence="3" questionKey="1984" />
      <quizQuestion sequence="1" questionKey="1549" />
      <quizQuestion sequence="0" questionKey="1619" />
      <quizQuestion sequence="4" questionKey="1612" />
      <quizQuestion sequence="2" questionKey="1618" />
    </quizQuestions>
  </quiz>
  <quiz courseName="Demo Course" courseType="TECNICO" courseExecutionType="TECNICO" acronym="DemoCourse" academicTerm="1st Semester" key="5363" scramble="false" qrCodeOnly="false" oneWay="false" type="PROPOSED" title="Scalable Web Architecture and Distributed Systems" availableDate="2019-09-30T19:00:00Z">
    <quizQuestions>
      <quizQuestion sequence="2" questionKey="1610" />
      <quizQuestion sequence="3" questionKey="1477" />
      <quizQuestion sequence="4" questionKey="1374" />
      <quizQuestion sequence="0" questionKey="1550" />
      <quizQuestion sequence="1" questionKey="1611" />
    </quizQuestions>
  </quiz>
  <quiz courseName="Demo Course" courseType="TECNICO" courseExecutionType="TECNICO" acronym="DemoCourse" academicTerm="1st Semester" key="5364" scramble="false" qrCodeOnly="false" oneWay="false" type="PROPOSED" title="Uber System - A Software Architecture Perspective" availableDate="2019-09-24T11:00:00Z">
    <quizQuestions>
      <quizQuestion sequence="2" questionKey="1642" />
      <quizQuestion sequence="4" questionKey="1649" />
      <quizQuestion sequence="3" questionKey="1633" />
      <quizQuestion sequence="0" questionKey="1620" />
      <quizQuestion sequence="1" questionKey="1380" />
    </quizQuestions>
  </quiz>
  <quiz courseName="Demo Course" courseType="TECNICO" courseExecutionType="TECNICO" acronym="DemoCourse" academicTerm="1st Semester" key="5365" scramble="false" qrCodeOnly="false" oneWay="false" type="PROPOSED" title="Performance Scenarios and Tactics" availableDate="2019-10-02T12:00:00Z">
    <quizQuestions>
      <quizQuestion sequence="1" questionKey="1641" />
      <quizQuestion sequence="0" questionKey="1603" />
      <quizQuestion sequence="2" questionKey="1601" />
      <quizQuestion sequence="4" questionKey="1868" />
      <quizQuestion sequence="3" questionKey="1946" />
    </quizQuestions>
  </quiz>
  <quiz courseName="Demo Course" courseType="TECNICO" courseExecutionType="TECNICO" acronym="DemoCourse" academicTerm="1st Semester" key="5366" scramble="false" qrCodeOnly="false" oneWay="false" type="PROPOSED" title="What is software architecture? - Definition and Viewtypes" availableDate="2019-09-24T13:23:00Z">
    <quizQuestions>
      <quizQuestion sequence="4" questionKey="1516" />
      <quizQuestion sequence="1" questionKey="1572" />
      <quizQuestion sequence="2" questionKey="1402" />
      <quizQuestion sequence="3" questionKey="1395" />
      <quizQuestion sequence="0" questionKey="1332" />
    </quizQuestions>
  </quiz>
  <quiz courseName="Demo Course" courseType="TECNICO" courseExecutionType="TECNICO" acronym="DemoCourse" academicTerm="1st Semester" key="5367" scramble="false" qrCodeOnly="false" oneWay="false" type="PROPOSED" title="Chrome qualities, scenarios and tactics" availableDate="2019-10-22T11:21:00Z">
    <quizQuestions>
      <quizQuestion sequence="1" questionKey="1412" />
      <quizQuestion sequence="2" questionKey="1980" />
      <quizQuestion sequence="0" questionKey="1754" />
      <quizQuestion sequence="3" questionKey="1967" />
      <quizQuestion sequence="4" questionKey="1978" />
    </quizQuestions>
  </quiz>
  <quiz courseName="Demo Course" courseType="TECNICO" courseExecutionType="TECNICO" acronym="DemoCourse" academicTerm="1st Semester" key="5368" scramble="false" qrCodeOnly="false" oneWay="false" type="PROPOSED" title="Hadoop qualities, scenarios, and tactics" availableDate="2019-10-22T11:42:00Z">
    <quizQuestions>
      <quizQuestion sequence="0" questionKey="1936" />
      <quizQuestion sequence="4" questionKey="1584" />
      <quizQuestion sequence="3" questionKey="1866" />
      <quizQuestion sequence="1" questionKey="1950" />
      <quizQuestion sequence="2" questionKey="1942" />
    </quizQuestions>
  </quiz>
  <quiz courseName="Demo Course" courseType="TECNICO" courseExecutionType="TECNICO" acronym="DemoCourse" academicTerm="1st Semester" key="5369" scramble="false" qrCodeOnly="false" oneWay="false" type="PROPOSED" title="Availability tactics" availableDate="2019-10-09T13:00:00Z" conclusionDate="2020-02-10T14:00:00Z">
    <quizQuestions>
      <quizQuestion sequence="0" questionKey="1801" />
      <quizQuestion sequence="2" questionKey="1840" />
      <quizQuestion sequence="3" questionKey="1951" />
      <quizQuestion sequence="4" questionKey="1839" />
      <quizQuestion sequence="1" questionKey="1432" />
    </quizQuestions>
  </quiz>
</quizzes>