<quizzes>
  <quiz courseExecutionType="TECNICO" acronym="DemoCourse" academicTerm="1st Semester" key="5370" scramble="false" type="PROPOSED" title="Designing an architecture" availableDate="2019-10-22 10:11">
    <quizQuestions>
      <quizQuestion sequence="0" questionKey="1800" />
      <quizQuestion sequence="1" questionKey="1804" />
      <quizQuestion sequence="2" questionKey="1807" />
      <quizQuestion sequence="4" questionKey="1588" />
      <quizQuestion sequence="3" questionKey="1810" />
    </quizQuestions>
  </quiz>
  <quiz courseExecutionType="TECNICO" acronym="DemoCourse" academicTerm="1st Semester" key="5371" scramble="false" type="PROPOSED" title="Availability scenarios" availableDate="2019-10-09 10:00" conclusionDate="2020-02-10 10:50">
    <quizQuestions>
      <quizQuestion sequence="1" questionKey="1331" />
      <quizQuestion sequence="2" questionKey="1798" />
      <quizQuestion sequence="4" questionKey="1389" />
      <quizQuestion sequence="0" questionKey="1805" />
      <quizQuestion sequence="3" questionKey="1370" />
    </quizQuestions>
  </quiz>
  <quiz courseExecutionType="TECNICO" acronym="DemoCourse" academicTerm="1st Semester" key="5372" scramble="false" type="PROPOSED" title="Graphite qualities, scenarios and tactics" availableDate="2019-10-15 16:40">
    <quizQuestions>
      <quizQuestion sequence="3" questionKey="1952" />
      <quizQuestion sequence="1" questionKey="1944" />
      <quizQuestion sequence="4" questionKey="1962" />
      <quizQuestion sequence="0" questionKey="1963" />
      <quizQuestion sequence="2" questionKey="1976" />
    </quizQuestions>
  </quiz>
  <quiz courseExecutionType="TECNICO" acronym="DemoCourse" academicTerm="1st Semester" key="5373" scramble="false" type="PROPOSED" title="Modifiability Scenarios and Tactics" availableDate="2019-10-16 10:00">
    <quizQuestions>
      <quizQuestion sequence="2" questionKey="1856" />
      <quizQuestion sequence="4" questionKey="1799" />
      <quizQuestion sequence="0" questionKey="1784" />
      <quizQuestion sequence="3" questionKey="1788" />
      <quizQuestion sequence="1" questionKey="1424" />
    </quizQuestions>
  </quiz>
  <quiz courseExecutionType="TECNICO" acronym="DemoCourse" academicTerm="1st Semester" key="5374" scramble="false" type="PROPOSED" title="Module Viewtype and its Styles" availableDate="2019-11-01 00:00">
    <quizQuestions>
      <quizQuestion sequence="2" questionKey="1488" />
      <quizQuestion sequence="4" questionKey="1581" />
      <quizQuestion sequence="3" questionKey="1968" />
      <quizQuestion sequence="0" questionKey="1960" />
      <quizQuestion sequence="1" questionKey="1490" />
    </quizQuestions>
  </quiz>
  <quiz courseExecutionType="TECNICO" acronym="DemoCourse" academicTerm="1st Semester" key="5375" scramble="false" type="PROPOSED" title="Component-and-connector viewtype" availableDate="2019-11-22 00:00">
    <quizQuestions>
      <quizQuestion sequence="4" questionKey="1504" />
      <quizQuestion sequence="2" questionKey="1507" />
      <quizQuestion sequence="1" questionKey="1392" />
      <quizQuestion sequence="3" questionKey="1506" />
      <quizQuestion sequence="0" questionKey="1489" />
    </quizQuestions>
  </quiz>
  <quiz courseExecutionType="TECNICO" acronym="DemoCourse" academicTerm="1st Semester" key="5376" scramble="false" type="PROPOSED" title="Allocation viewtype" availableDate="2019-11-22 00:00">
    <quizQuestions>
      <quizQuestion sequence="4" questionKey="1528" />
      <quizQuestion sequence="1" questionKey="1514" />
      <quizQuestion sequence="2" questionKey="1520" />
      <quizQuestion sequence="3" questionKey="1526" />
      <quizQuestion sequence="0" questionKey="1536" />
    </quizQuestions>
  </quiz>
  <quiz courseExecutionType="TECNICO" acronym="DemoCourse" academicTerm="1st Semester" key="5359" scramble="false" type="PROPOSED" title="The importance of software architecture and How to create an architecture" availableDate="2019-09-25 10:00">
    <quizQuestions>
      <quizQuestion sequence="0" questionKey="1676" />
      <quizQuestion sequence="4" questionKey="1495" />
      <quizQuestion sequence="1" questionKey="1675" />
      <quizQuestion sequence="3" questionKey="1492" />
      <quizQuestion sequence="2" questionKey="1494" />
    </quizQuestions>
  </quiz>
  <quiz courseExecutionType="TECNICO" acronym="DemoCourse" academicTerm="1st Semester" key="5360" scramble="false" type="PROPOSED" title="Quality attributes and scenarios" availableDate="2019-09-30 19:00">
    <quizQuestions>
      <quizQuestion sequence="1" questionKey="1320" />
      <quizQuestion sequence="4" questionKey="1551" />
      <quizQuestion sequence="2" questionKey="1940" />
      <quizQuestion sequence="3" questionKey="1319" />
      <quizQuestion sequence="0" questionKey="1544" />
    </quizQuestions>
  </quiz>
  <quiz courseExecutionType="TECNICO" acronym="DemoCourse" academicTerm="1st Semester" key="5361" scramble="false" type="PROPOSED" title="Microservices" availableDate="2019-09-20 21:40">
    <quizQuestions>
      <quizQuestion sequence="4" questionKey="1427" />
      <quizQuestion sequence="2" questionKey="1559" />
      <quizQuestion sequence="3" questionKey="1558" />
      <quizQuestion sequence="0" questionKey="1557" />
      <quizQuestion sequence="1" questionKey="1556" />
    </quizQuestions>
  </quiz>
  <quiz courseExecutionType="TECNICO" acronym="DemoCourse" academicTerm="1st Semester" key="5362" scramble="false" type="PROPOSED" title="What is software architecture? - Concepts" availableDate="2019-09-20 23:31">
    <quizQuestions>
      <quizQuestion sequence="1" questionKey="1549" />
      <quizQuestion sequence="2" questionKey="1618" />
      <quizQuestion sequence="0" questionKey="1619" />
      <quizQuestion sequence="3" questionKey="1984" />
      <quizQuestion sequence="4" questionKey="1612" />
    </quizQuestions>
  </quiz>
  <quiz courseExecutionType="TECNICO" acronym="DemoCourse" academicTerm="1st Semester" key="5363" scramble="false" type="PROPOSED" title="Scalable Web Architecture and Distributed Systems" availableDate="2019-09-30 19:00">
    <quizQuestions>
      <quizQuestion sequence="2" questionKey="1610" />
      <quizQuestion sequence="4" questionKey="1374" />
      <quizQuestion sequence="1" questionKey="1611" />
      <quizQuestion sequence="0" questionKey="1550" />
      <quizQuestion sequence="3" questionKey="1477" />
    </quizQuestions>
  </quiz>
  <quiz courseExecutionType="TECNICO" acronym="DemoCourse" academicTerm="1st Semester" key="5364" scramble="false" type="PROPOSED" title="Uber System - A Software Architecture Perspective" availableDate="2019-09-24 11:00">
    <quizQuestions>
      <quizQuestion sequence="2" questionKey="1642" />
      <quizQuestion sequence="1" questionKey="1380" />
      <quizQuestion sequence="0" questionKey="1620" />
      <quizQuestion sequence="3" questionKey="1633" />
      <quizQuestion sequence="4" questionKey="1649" />
    </quizQuestions>
  </quiz>
  <quiz courseExecutionType="TECNICO" acronym="DemoCourse" academicTerm="1st Semester" key="5365" scramble="false" type="PROPOSED" title="Performance Scenarios and Tactics" availableDate="2019-10-02 12:00">
    <quizQuestions>
      <quizQuestion sequence="3" questionKey="1946" />
      <quizQuestion sequence="1" questionKey="1641" />
      <quizQuestion sequence="2" questionKey="1601" />
      <quizQuestion sequence="0" questionKey="1603" />
      <quizQuestion sequence="4" questionKey="1868" />
    </quizQuestions>
  </quiz>
  <quiz courseExecutionType="TECNICO" acronym="DemoCourse" academicTerm="1st Semester" key="5366" scramble="false" type="PROPOSED" title="What is software architecture? - Definition and Viewtypes" availableDate="2019-09-24 13:23">
    <quizQuestions>
      <quizQuestion sequence="1" questionKey="1572" />
      <quizQuestion sequence="3" questionKey="1395" />
      <quizQuestion sequence="4" questionKey="1516" />
      <quizQuestion sequence="0" questionKey="1332" />
      <quizQuestion sequence="2" questionKey="1402" />
    </quizQuestions>
  </quiz>
  <quiz courseExecutionType="TECNICO" acronym="DemoCourse" academicTerm="1st Semester" key="5367" scramble="false" type="PROPOSED" title="Chrome qualities, scenarios and tactics" availableDate="2019-10-22 11:21">
    <quizQuestions>
      <quizQuestion sequence="0" questionKey="1754" />
      <quizQuestion sequence="1" questionKey="1412" />
      <quizQuestion sequence="4" questionKey="1978" />
      <quizQuestion sequence="2" questionKey="1980" />
      <quizQuestion sequence="3" questionKey="1967" />
    </quizQuestions>
  </quiz>
  <quiz courseExecutionType="TECNICO" acronym="DemoCourse" academicTerm="1st Semester" key="5368" scramble="false" type="PROPOSED" title="Hadoop qualities, scenarios, and tactics" availableDate="2019-10-22 11:42">
    <quizQuestions>
      <quizQuestion sequence="0" questionKey="1936" />
      <quizQuestion sequence="1" questionKey="1950" />
      <quizQuestion sequence="2" questionKey="1942" />
      <quizQuestion sequence="3" questionKey="1866" />
      <quizQuestion sequence="4" questionKey="1584" />
    </quizQuestions>
  </quiz>
  <quiz courseExecutionType="TECNICO" acronym="DemoCourse" academicTerm="1st Semester" key="5369" scramble="false" type="PROPOSED" title="Availability tactics" availableDate="2019-10-09 13:00" conclusionDate="2020-02-10 14:00">
    <quizQuestions>
      <quizQuestion sequence="0" questionKey="1801" />
      <quizQuestion sequence="4" questionKey="1839" />
      <quizQuestion sequence="1" questionKey="1432" />
      <quizQuestion sequence="3" questionKey="1951" />
      <quizQuestion sequence="2" questionKey="1840" />
    </quizQuestions>
  </quiz>
</quizzes>