<topics>
  <topic courseType="TECNICO" courseName="Demo Course" name="Software Architecture">
    <questions>
      <question key="1509" />
      <question key="1377" />
      <question key="1721" />
      <question key="1510" />
      <question key="1455" />
      <question key="1930" />
      <question key="1763" />
      <question key="1618" />
      <question key="1761" />
      <question key="1619" />
      <question key="1516" />
      <question key="1629" />
      <question key="1774" />
      <question key="1549" />
      <question key="1699" />
      <question key="1492" />
      <question key="1332" />
      <question key="1771" />
      <question key="1676" />
      <question key="1495" />
      <question key="1612" />
      <question key="1683" />
      <question key="1512" />
      <question key="1845" />
      <question key="1984" />
      <question key="1561" />
      <question key="1900" />
      <question key="1560" />
      <question key="1525" />
      <question key="1700" />
      <question key="1395" />
      <question key="1487" />
      <question key="1702" />
      <question key="1511" />
      <question key="1897" />
      <question key="1572" />
      <question key="1793" />
      <question key="1546" />
      <question key="1675" />
      <question key="1782" />
      <question key="1402" />
      <question key="1423" />
      <question key="1970" />
      <question key="1494" />
      <question key="1903" />
      <question key="1634" />
      <question key="1491" />
      <question key="1767" />
      <question key="1563" />
      <question key="1665" />
      <question key="1485" />
      <question key="1418" />
    </questions>
  </topic>
  <topic courseType="TECNICO" courseName="Demo Course" name="Architectural Style">
    <questions />
  </topic>
  <topic courseType="TECNICO" courseName="Demo Course" name="Case Studies">
    <questions />
  </topic>
  <topic courseType="TECNICO" courseName="Demo Course" name="Web Application">
    <questions>
      <question key="1569" />
      <question key="1325" />
      <question key="1406" />
      <question key="1823" />
      <question key="1920" />
      <question key="1408" />
      <question key="1450" />
      <question key="1428" />
      <question key="1349" />
    </questions>
  </topic>
  <topic courseType="TECNICO" courseName="Demo Course" name="Enterprise Application Architecture ">
    <questions />
  </topic>
  <topic courseType="TECNICO" courseName="Demo Course" name="Performance">
    <questions>
      <question key="1692" />
      <question key="1809" />
      <question key="1422" />
      <question key="1366" />
      <question key="1797" />
      <question key="1419" />
      <question key="1341" />
      <question key="1421" />
      <question key="1868" />
      <question key="1434" />
      <question key="1946" />
      <question key="1372" />
      <question key="1838" />
      <question key="1641" />
      <question key="1947" />
      <question key="1468" />
      <question key="1949" />
      <question key="1534" />
      <question key="1828" />
      <question key="1384" />
      <question key="1603" />
      <question key="1601" />
    </questions>
  </topic>
  <topic courseType="TECNICO" courseName="Demo Course" name="Availability">
    <questions>
      <question key="1316" />
      <question key="1486" />
      <question key="1389" />
      <question key="1812" />
      <question key="1343" />
      <question key="1954" />
      <question key="1979" />
      <question key="1981" />
      <question key="1840" />
      <question key="1421" />
      <question key="1415" />
      <question key="1972" />
      <question key="1769" />
      <question key="1801" />
      <question key="1816" />
      <question key="1331" />
      <question key="1586" />
      <question key="1839" />
      <question key="1319" />
      <question key="1388" />
      <question key="1779" />
      <question key="1370" />
      <question key="1666" />
      <question key="1802" />
      <question key="1951" />
      <question key="1328" />
      <question key="1805" />
      <question key="1432" />
      <question key="1372" />
      <question key="1798" />
      <question key="1315" />
      <question key="1965" />
      <question key="1969" />
      <question key="1815" />
    </questions>
  </topic>
  <topic courseType="TECNICO" courseName="Demo Course" name="Modifiability">
    <questions>
      <question key="1497" />
      <question key="1451" />
      <question key="1808" />
      <question key="1799" />
      <question key="1871" />
      <question key="1623" />
      <question key="1424" />
      <question key="1788" />
      <question key="1940" />
      <question key="1396" />
      <question key="1784" />
      <question key="1856" />
      <question key="1345" />
      <question key="1442" />
      <question key="1974" />
      <question key="1381" />
      <question key="1975" />
      <question key="1378" />
    </questions>
  </topic>
  <topic courseType="TECNICO" courseName="Demo Course" name="Usability">
    <questions>
      <question key="1669" />
      <question key="1326" />
    </questions>
  </topic>
  <topic courseType="TECNICO" courseName="Demo Course" name="Security">
    <questions>
      <question key="1635" />
      <question key="1972" />
      <question key="1706" />
      <question key="1802" />
      <question key="1573" />
      <question key="1625" />
      <question key="1707" />
      <question key="1731" />
      <question key="1704" />
      <question key="1842" />
      <question key="1597" />
      <question key="1708" />
    </questions>
  </topic>
  <topic courseType="TECNICO" courseName="Demo Course" name="Interoperability">
    <questions>
      <question key="1841" />
      <question key="1372" />
      <question key="1353" />
    </questions>
  </topic>
  <topic courseType="TECNICO" courseName="Demo Course" name="Graphite">
    <questions>
      <question key="1387" />
      <question key="1399" />
      <question key="1632" />
      <question key="1744" />
      <question key="1322" />
      <question key="1778" />
      <question key="1966" />
      <question key="1976" />
      <question key="1962" />
      <question key="1939" />
      <question key="1890" />
      <question key="1735" />
      <question key="1945" />
      <question key="1963" />
      <question key="1944" />
      <question key="1335" />
      <question key="1367" />
      <question key="1333" />
      <question key="1906" />
      <question key="1355" />
      <question key="1729" />
      <question key="1952" />
      <question key="1379" />
      <question key="1607" />
      <question key="1988" />
      <question key="1783" />
      <question key="1356" />
    </questions>
  </topic>
  <topic courseType="TECNICO" courseName="Demo Course" name="MediaWiki">
    <questions>
      <question key="1746" />
      <question key="1461" />
      <question key="1740" />
      <question key="1703" />
      <question key="1723" />
      <question key="1753" />
      <question key="1684" />
      <question key="1464" />
      <question key="1733" />
      <question key="1462" />
    </questions>
  </topic>
  <topic courseType="TECNICO" courseName="Demo Course" name="Chrome">
    <questions>
      <question key="1777" />
      <question key="1375" />
      <question key="1773" />
      <question key="1585" />
      <question key="1411" />
      <question key="1346" />
      <question key="1397" />
      <question key="1780" />
      <question key="1980" />
      <question key="1652" />
      <question key="1577" />
      <question key="1347" />
      <question key="1403" />
      <question key="1957" />
      <question key="1587" />
      <question key="1967" />
      <question key="1762" />
      <question key="1956" />
      <question key="1776" />
      <question key="1754" />
      <question key="1365" />
      <question key="1595" />
      <question key="1765" />
      <question key="1571" />
      <question key="1570" />
      <question key="1978" />
      <question key="1412" />
      <question key="1832" />
      <question key="1790" />
    </questions>
  </topic>
  <topic courseType="TECNICO" courseName="Demo Course" name="GNU Mailman">
    <questions>
      <question key="1465" />
      <question key="1742" />
      <question key="1758" />
      <question key="1822" />
      <question key="1712" />
      <question key="1732" />
      <question key="1741" />
      <question key="1757" />
      <question key="1824" />
      <question key="1743" />
      <question key="1756" />
      <question key="1755" />
    </questions>
  </topic>
  <topic courseType="TECNICO" courseName="Demo Course" name="Glasgow Haskell Compiler">
    <questions>
      <question key="1696" />
      <question key="1441" />
      <question key="1533" />
      <question key="1330" />
      <question key="1654" />
      <question key="1653" />
      <question key="1624" />
      <question key="1644" />
      <question key="1694" />
      <question key="1695" />
    </questions>
  </topic>
  <topic courseType="TECNICO" courseName="Demo Course" name="Uber">
    <questions>
      <question key="1380" />
      <question key="1620" />
      <question key="1642" />
      <question key="1633" />
      <question key="1649" />
    </questions>
  </topic>
  <topic courseType="TECNICO" courseName="Demo Course" name="Viewtypes">
    <questions>
      <question key="1651" />
      <question key="1762" />
      <question key="1846" />
      <question key="1411" />
      <question key="1373" />
      <question key="1394" />
      <question key="1555" />
      <question key="1577" />
      <question key="1420" />
      <question key="1739" />
      <question key="1571" />
      <question key="1459" />
      <question key="1745" />
    </questions>
  </topic>
  <topic courseType="TECNICO" courseName="Demo Course" name="Component-and-connector viewtype">
    <questions>
      <question key="1524" />
      <question key="1467" />
      <question key="1616" />
      <question key="1632" />
      <question key="1775" />
      <question key="1385" />
      <question key="1445" />
      <question key="1532" />
      <question key="1583" />
      <question key="1457" />
      <question key="1414" />
      <question key="1945" />
      <question key="1354" />
      <question key="1335" />
      <question key="1576" />
      <question key="1605" />
      <question key="1542" />
      <question key="1785" />
      <question key="1466" />
      <question key="1508" />
      <question key="1575" />
      <question key="1493" />
      <question key="1926" />
      <question key="1498" />
      <question key="1591" />
      <question key="1625" />
      <question key="1392" />
      <question key="1923" />
      <question key="1872" />
      <question key="1391" />
      <question key="1471" />
      <question key="1928" />
      <question key="1913" />
      <question key="1613" />
      <question key="1535" />
      <question key="1348" />
      <question key="1915" />
      <question key="1939" />
      <question key="1481" />
      <question key="1400" />
      <question key="1361" />
      <question key="1617" />
      <question key="1906" />
      <question key="1517" />
      <question key="1580" />
      <question key="1363" />
      <question key="1476" />
      <question key="1896" />
      <question key="1429" />
      <question key="1911" />
      <question key="1540" />
      <question key="1734" />
      <question key="1631" />
      <question key="1474" />
      <question key="1504" />
      <question key="1470" />
      <question key="1538" />
      <question key="1579" />
      <question key="1938" />
      <question key="1547" />
      <question key="1592" />
      <question key="1566" />
      <question key="1890" />
      <question key="1454" />
      <question key="1537" />
      <question key="1545" />
      <question key="1417" />
      <question key="1597" />
      <question key="1325" />
      <question key="1388" />
      <question key="1452" />
      <question key="1927" />
      <question key="1529" />
      <question key="1530" />
      <question key="1340" />
      <question key="1608" />
      <question key="1515" />
      <question key="1437" />
      <question key="1351" />
      <question key="1889" />
      <question key="1443" />
      <question key="1604" />
      <question key="1386" />
      <question key="1479" />
      <question key="1600" />
      <question key="1877" />
      <question key="1539" />
      <question key="1521" />
      <question key="1564" />
      <question key="1402" />
      <question key="1904" />
      <question key="1519" />
      <question key="1527" />
      <question key="1859" />
      <question key="1405" />
      <question key="1489" />
      <question key="1513" />
      <question key="1367" />
      <question key="1531" />
      <question key="1543" />
      <question key="1582" />
      <question key="1507" />
      <question key="1982" />
      <question key="1500" />
      <question key="1729" />
      <question key="1689" />
      <question key="1318" />
      <question key="1501" />
      <question key="1506" />
      <question key="1750" />
    </questions>
  </topic>
  <topic courseType="TECNICO" courseName="Demo Course" name="Module viewtype">
    <questions>
      <question key="1451" />
      <question key="1985" />
      <question key="1616" />
      <question key="1775" />
      <question key="1958" />
      <question key="1955" />
      <question key="1472" />
      <question key="1334" />
      <question key="1547" />
      <question key="1385" />
      <question key="1738" />
      <question key="1488" />
      <question key="1578" />
      <question key="1713" />
      <question key="1430" />
      <question key="1454" />
      <question key="1735" />
      <question key="1457" />
      <question key="1545" />
      <question key="1968" />
      <question key="1417" />
      <question key="1941" />
      <question key="1325" />
      <question key="1414" />
      <question key="1388" />
      <question key="1452" />
      <question key="1354" />
      <question key="1333" />
      <question key="1925" />
      <question key="1960" />
      <question key="1785" />
      <question key="1355" />
      <question key="1898" />
      <question key="1943" />
      <question key="1786" />
      <question key="1948" />
      <question key="1340" />
      <question key="1317" />
      <question key="1608" />
      <question key="1602" />
      <question key="1912" />
      <question key="1725" />
      <question key="1826" />
      <question key="1351" />
      <question key="1593" />
      <question key="1625" />
      <question key="1443" />
      <question key="1923" />
      <question key="1803" />
      <question key="1872" />
      <question key="1986" />
      <question key="1490" />
      <question key="1987" />
      <question key="1894" />
      <question key="1623" />
      <question key="1728" />
      <question key="1598" />
      <question key="1358" />
      <question key="1479" />
      <question key="1935" />
      <question key="1505" />
      <question key="1931" />
      <question key="1910" />
      <question key="1564" />
      <question key="1687" />
      <question key="1348" />
      <question key="1977" />
      <question key="1400" />
      <question key="1519" />
      <question key="1722" />
      <question key="1552" />
      <question key="1859" />
      <question key="1361" />
      <question key="1617" />
      <question key="1362" />
      <question key="1983" />
      <question key="1503" />
      <question key="1752" />
      <question key="1982" />
      <question key="1327" />
      <question key="1500" />
      <question key="1650" />
      <question key="1896" />
      <question key="1689" />
      <question key="1458" />
      <question key="1318" />
      <question key="1429" />
      <question key="1501" />
      <question key="1734" />
      <question key="1609" />
      <question key="1581" />
      <question key="1631" />
      <question key="1831" />
      <question key="1750" />
    </questions>
  </topic>
  <topic courseType="TECNICO" courseName="Demo Course" name="Scenarios">
    <questions>
      <question key="1497" />
      <question key="1841" />
      <question key="1389" />
      <question key="1399" />
      <question key="1480" />
      <question key="1730" />
      <question key="1954" />
      <question key="1938" />
      <question key="1981" />
      <question key="1976" />
      <question key="1421" />
      <question key="1396" />
      <question key="1962" />
      <question key="1368" />
      <question key="1856" />
      <question key="1816" />
      <question key="1331" />
      <question key="1353" />
      <question key="1586" />
      <question key="1336" />
      <question key="1975" />
      <question key="1378" />
      <question key="1884" />
      <question key="1319" />
      <question key="1425" />
      <question key="1808" />
      <question key="1944" />
      <question key="1335" />
      <question key="1367" />
      <question key="1370" />
      <question key="1809" />
      <question key="1906" />
      <question key="1940" />
      <question key="1376" />
      <question key="1805" />
      <question key="1764" />
      <question key="1523" />
      <question key="1798" />
      <question key="1641" />
      <question key="1473" />
      <question key="1974" />
      <question key="1815" />
      <question key="1381" />
      <question key="1321" />
      <question key="1384" />
      <question key="1603" />
    </questions>
  </topic>
  <topic courseType="TECNICO" courseName="Demo Course" name="Allocation viewtype">
    <questions>
      <question key="1413" />
      <question key="1536" />
      <question key="1616" />
      <question key="1518" />
      <question key="1528" />
      <question key="1479" />
      <question key="1385" />
      <question key="1521" />
      <question key="1564" />
      <question key="1400" />
      <question key="1430" />
      <question key="1454" />
      <question key="1519" />
      <question key="1606" />
      <question key="1594" />
      <question key="1457" />
      <question key="1545" />
      <question key="1859" />
      <question key="1617" />
      <question key="1514" />
      <question key="1362" />
      <question key="1417" />
      <question key="1597" />
      <question key="1635" />
      <question key="1388" />
      <question key="1354" />
      <question key="1520" />
      <question key="1580" />
      <question key="1496" />
      <question key="1500" />
      <question key="1317" />
      <question key="1896" />
      <question key="1541" />
      <question key="1458" />
      <question key="1526" />
      <question key="1625" />
      <question key="1443" />
      <question key="1599" />
      <question key="1631" />
      <question key="1750" />
      <question key="1880" />
    </questions>
  </topic>
  <topic courseType="TECNICO" courseName="Demo Course" name="Tactics">
    <questions>
      <question key="1486" />
      <question key="1387" />
      <question key="1451" />
      <question key="1871" />
      <question key="1979" />
      <question key="1346" />
      <question key="1840" />
      <question key="1419" />
      <question key="1341" />
      <question key="1415" />
      <question key="1434" />
      <question key="1972" />
      <question key="1360" />
      <question key="1947" />
      <question key="1957" />
      <question key="1708" />
      <question key="1706" />
      <question key="1799" />
      <question key="1963" />
      <question key="1802" />
      <question key="1951" />
      <question key="1731" />
      <question key="1797" />
      <question key="1898" />
      <question key="1376" />
      <question key="1704" />
      <question key="1772" />
      <question key="1754" />
      <question key="1952" />
      <question key="1432" />
      <question key="1946" />
      <question key="1315" />
      <question key="1365" />
      <question key="1595" />
      <question key="1442" />
      <question key="1435" />
      <question key="1412" />
      <question key="1866" />
      <question key="1828" />
      <question key="1875" />
      <question key="1959" />
      <question key="1316" />
      <question key="1444" />
      <question key="1812" />
      <question key="1343" />
      <question key="1585" />
      <question key="1692" />
      <question key="1744" />
      <question key="1894" />
      <question key="1623" />
      <question key="1422" />
      <question key="1966" />
      <question key="1976" />
      <question key="1366" />
      <question key="1397" />
      <question key="1942" />
      <question key="1780" />
      <question key="1788" />
      <question key="1868" />
      <question key="1980" />
      <question key="1784" />
      <question key="1769" />
      <question key="1964" />
      <question key="1801" />
      <question key="1838" />
      <question key="1586" />
      <question key="1949" />
      <question key="1403" />
      <question key="1839" />
      <question key="1534" />
      <question key="1779" />
      <question key="1967" />
      <question key="1666" />
      <question key="1424" />
      <question key="1328" />
      <question key="1707" />
      <question key="1345" />
      <question key="1965" />
      <question key="1969" />
      <question key="1326" />
      <question key="1468" />
      <question key="1899" />
      <question key="1815" />
      <question key="1988" />
      <question key="1783" />
      <question key="1356" />
      <question key="1384" />
      <question key="1601" />
      <question key="1790" />
    </questions>
  </topic>
  <topic courseType="TECNICO" courseName="Demo Course" name="Nginx">
    <questions>
      <question key="1863" />
      <question key="1876" />
      <question key="1670" />
      <question key="1469" />
      <question key="1671" />
      <question key="1630" />
      <question key="1438" />
      <question key="1553" />
      <question key="1667" />
      <question key="1554" />
      <question key="1626" />
      <question key="1862" />
      <question key="1908" />
      <question key="1440" />
      <question key="1329" />
      <question key="1693" />
      <question key="1860" />
    </questions>
  </topic>
  <topic courseType="TECNICO" courseName="Demo Course" name="Amazon Silk">
    <questions>
      <question key="1587" />
      <question key="1652" />
      <question key="1773" />
      <question key="1347" />
      <question key="1570" />
      <question key="1776" />
      <question key="1832" />
    </questions>
  </topic>
  <topic courseType="TECNICO" courseName="Demo Course" name="Qualities">
    <questions>
      <question key="1669" />
      <question key="1777" />
      <question key="1477" />
      <question key="1375" />
      <question key="1398" />
      <question key="1322" />
      <question key="1778" />
      <question key="1463" />
      <question key="1668" />
      <question key="1478" />
      <question key="1338" />
      <question key="1904" />
      <question key="1973" />
      <question key="1685" />
      <question key="1814" />
      <question key="1950" />
      <question key="1453" />
      <question key="1550" />
      <question key="1849" />
      <question key="1813" />
      <question key="1796" />
      <question key="1404" />
      <question key="1956" />
      <question key="1584" />
      <question key="1383" />
      <question key="1551" />
      <question key="1426" />
      <question key="1672" />
      <question key="1320" />
      <question key="1374" />
      <question key="1610" />
      <question key="1544" />
      <question key="1379" />
      <question key="1677" />
      <question key="1611" />
      <question key="1674" />
      <question key="1765" />
      <question key="1409" />
      <question key="1607" />
      <question key="1936" />
      <question key="1978" />
      <question key="1350" />
      <question key="1893" />
      <question key="1883" />
    </questions>
  </topic>
  <topic courseType="TECNICO" courseName="Demo Course" name="Adventure Builder">
    <questions>
      <question key="1928" />
      <question key="1938" />
      <question key="1598" />
      <question key="1600" />
      <question key="1505" />
      <question key="1613" />
      <question key="1376" />
      <question key="1904" />
      <question key="1508" />
      <question key="1594" />
      <question key="1889" />
      <question key="1593" />
      <question key="1875" />
    </questions>
  </topic>
  <topic courseType="TECNICO" courseName="Demo Course" name="Catalog of DVD">
    <questions>
      <question key="1337" />
      <question key="1449" />
      <question key="1895" />
      <question key="1882" />
      <question key="1888" />
      <question key="1867" />
      <question key="1902" />
      <question key="1357" />
      <question key="1914" />
      <question key="1909" />
      <question key="1919" />
    </questions>
  </topic>
  <topic courseType="TECNICO" courseName="Demo Course" name="Infinispan">
    <questions>
      <question key="1858" />
      <question key="1748" />
      <question key="1861" />
      <question key="1874" />
      <question key="1768" />
      <question key="1759" />
      <question key="1615" />
      <question key="1865" />
      <question key="1660" />
      <question key="1483" />
      <question key="1662" />
    </questions>
  </topic>
  <topic courseType="TECNICO" courseName="Demo Course" name="Twitter">
    <questions>
      <question key="1857" />
      <question key="1886" />
      <question key="1885" />
      <question key="1869" />
      <question key="1870" />
    </questions>
  </topic>
  <topic courseType="TECNICO" courseName="Demo Course" name="Continuous integration">
    <questions>
      <question key="1482" />
      <question key="1781" />
      <question key="1663" />
      <question key="1820" />
      <question key="1614" />
      <question key="1787" />
      <question key="1747" />
      <question key="1864" />
      <question key="1661" />
      <question key="1688" />
    </questions>
  </topic>
  <topic courseType="TECNICO" courseName="Demo Course" name="Testability">
    <questions>
      <question key="1372" />
    </questions>
  </topic>
  <topic courseType="TECNICO" courseName="Demo Course" name="Scalable web architecture">
    <questions>
      <question key="1477" />
      <question key="1444" />
      <question key="1398" />
      <question key="1668" />
      <question key="1478" />
      <question key="1338" />
      <question key="1407" />
      <question key="1685" />
      <question key="1901" />
      <question key="1550" />
      <question key="1849" />
      <question key="1439" />
      <question key="1401" />
      <question key="1404" />
      <question key="1383" />
      <question key="1672" />
      <question key="1323" />
      <question key="1374" />
      <question key="1610" />
      <question key="1677" />
      <question key="1611" />
      <question key="1674" />
      <question key="1409" />
      <question key="1350" />
      <question key="1893" />
    </questions>
  </topic>
  <topic courseType="TECNICO" courseName="Demo Course" name="ThousandParsec">
    <questions>
      <question key="1714" />
      <question key="1843" />
      <question key="1589" />
      <question key="1836" />
      <question key="1717" />
      <question key="1829" />
      <question key="1456" />
      <question key="1718" />
      <question key="1854" />
      <question key="1567" />
      <question key="1590" />
      <question key="1637" />
    </questions>
  </topic>
  <topic courseType="TECNICO" courseName="Demo Course" name="OrderPad">
    <questions>
      <question key="1568" />
      <question key="1892" />
      <question key="1922" />
      <question key="1562" />
      <question key="1905" />
      <question key="1627" />
      <question key="1879" />
      <question key="1638" />
    </questions>
  </topic>
  <topic courseType="TECNICO" courseName="Demo Course" name="Hadoop">
    <questions>
      <question key="1651" />
      <question key="1352" />
      <question key="1584" />
      <question key="1645" />
      <question key="1463" />
      <question key="1942" />
      <question key="1394" />
      <question key="1772" />
      <question key="1964" />
      <question key="1973" />
      <question key="1814" />
      <question key="1950" />
      <question key="1453" />
      <question key="1420" />
      <question key="1739" />
      <question key="1899" />
      <question key="1936" />
      <question key="1745" />
      <question key="1866" />
      <question key="1813" />
      <question key="1796" />
      <question key="1959" />
    </questions>
  </topic>
  <topic courseType="TECNICO" courseName="Demo Course" name="Architecture design">
    <questions>
      <question key="1811" />
      <question key="1359" />
      <question key="1810" />
      <question key="1342" />
      <question key="1961" />
      <question key="1804" />
      <question key="1933" />
      <question key="1679" />
      <question key="1588" />
      <question key="1807" />
      <question key="1431" />
      <question key="1800" />
      <question key="1416" />
      <question key="1339" />
      <question key="1382" />
      <question key="1795" />
      <question key="1791" />
    </questions>
  </topic>
  <topic courseType="TECNICO" courseName="Demo Course" name="ZeroMQ">
    <questions>
      <question key="1680" />
      <question key="1682" />
      <question key="1655" />
      <question key="1657" />
      <question key="1656" />
      <question key="1691" />
      <question key="1658" />
      <question key="1681" />
      <question key="1690" />
      <question key="1659" />
    </questions>
  </topic>
  <topic courseType="TECNICO" courseName="Demo Course" name="SocialCalc">
    <questions>
      <question key="1921" />
      <question key="1636" />
      <question key="1853" />
      <question key="1855" />
      <question key="1817" />
      <question key="1848" />
      <question key="1806" />
      <question key="1819" />
      <question key="1934" />
      <question key="1929" />
      <question key="1847" />
      <question key="1818" />
      <question key="1499" />
      <question key="1709" />
      <question key="1932" />
      <question key="1850" />
      <question key="1565" />
      <question key="1574" />
      <question key="1639" />
      <question key="1716" />
      <question key="1436" />
    </questions>
  </topic>
  <topic courseType="TECNICO" courseName="Demo Course" name="GitHub">
    <questions>
      <question key="1460" />
      <question key="1837" />
      <question key="1844" />
      <question key="1719" />
      <question key="1724" />
      <question key="1720" />
      <question key="1821" />
    </questions>
  </topic>
  <topic courseType="TECNICO" courseName="Demo Course" name="Microservices">
    <questions>
      <question key="1393" />
      <question key="1596" />
      <question key="1971" />
      <question key="1427" />
      <question key="1558" />
      <question key="1373" />
      <question key="1556" />
      <question key="1559" />
      <question key="1433" />
      <question key="1446" />
      <question key="1390" />
      <question key="1318" />
      <question key="1369" />
      <question key="1617" />
      <question key="1557" />
      <question key="1792" />
    </questions>
  </topic>
  <topic courseType="TECNICO" courseName="Demo Course" name="Microservices patterns">
    <questions>
      <question key="1364" />
      <question key="1887" />
      <question key="1916" />
      <question key="1873" />
      <question key="1917" />
      <question key="1918" />
      <question key="1937" />
      <question key="1410" />
      <question key="1371" />
      <question key="1924" />
      <question key="1794" />
      <question key="1907" />
    </questions>
  </topic>
  <topic courseType="TECNICO" courseName="Demo Course" name="Fénix">
    <questions>
      <question key="1726" />
      <question key="1324" />
      <question key="1825" />
      <question key="1475" />
      <question key="1447" />
    </questions>
  </topic>
</topics>