<users>
  <user key="651" name="Student 651" role="STUDENT">
    <courseExecutions />
  </user>
  <user key="646" name="Student 646" role="STUDENT">
    <courseExecutions />
  </user>
  <user key="647" name="Student 647" role="STUDENT">
    <courseExecutions />
  </user>
  <user key="655" name="Student 655" role="STUDENT">
    <courseExecutions />
  </user>
  <user key="627" name="Student 627" role="STUDENT">
    <courseExecutions />
  </user>
  <user key="673" name="Student 673" role="TEACHER">
    <courseExecutions />
  </user>
  <user key="653" name="Student 653" role="STUDENT">
    <courseExecutions />
  </user>
  <user key="635" name="Student 635" role="STUDENT">
    <courseExecutions />
  </user>
  <user key="633" name="Student 633" role="STUDENT">
    <courseExecutions />
  </user>
  <user key="669" name="Student 669" role="STUDENT">
    <courseExecutions />
  </user>
  <user key="648" name="Student 648" role="STUDENT">
    <courseExecutions />
  </user>
  <user key="650" name="Student 650" role="STUDENT">
    <courseExecutions />
  </user>
  <user key="643" name="Student 643" role="STUDENT">
    <courseExecutions />
  </user>
  <user key="674" name="Student 674" role="STUDENT">
    <courseExecutions />
  </user>
  <user key="661" name="Student 661" role="STUDENT">
    <courseExecutions />
  </user>
  <user key="660" name="Student 660" role="STUDENT">
    <courseExecutions />
  </user>
  <user key="662" name="Student 662" role="STUDENT">
    <courseExecutions />
  </user>
  <user key="665" name="Student 665" role="STUDENT">
    <courseExecutions />
  </user>
  <user key="638" name="Student 638" role="STUDENT">
    <courseExecutions />
  </user>
  <user key="676" username="Demo-Student" name="Demo Student" role="STUDENT">
    <courseExecutions>
      <courseExecution executionId="11" />
    </courseExecutions>
  </user>
  <user key="677" username="Demo-Teacher" name="Demo Teacher" role="TEACHER">
    <courseExecutions>
      <courseExecution executionId="11" />
    </courseExecutions>
  </user>
  <user key="670" name="Student 670" role="STUDENT">
    <courseExecutions />
  </user>
  <user key="639" name="Student 639" role="STUDENT">
    <courseExecutions />
  </user>
  <user key="654" name="Student 654" role="STUDENT">
    <courseExecutions />
  </user>
  <user key="645" name="Student 645" role="STUDENT">
    <courseExecutions />
  </user>
  <user key="641" name="Student 641" role="STUDENT">
    <courseExecutions />
  </user>
  <user key="630" name="Student 630" role="STUDENT">
    <courseExecutions />
  </user>
  <user key="631" name="Student 631" role="STUDENT">
    <courseExecutions />
  </user>
  <user key="640" name="Student 640" role="STUDENT">
    <courseExecutions />
  </user>
  <user key="649" name="Student 649" role="STUDENT">
    <courseExecutions />
  </user>
  <user key="617" name="Student 617" role="STUDENT">
    <courseExecutions />
  </user>
  <user key="632" name="Student 632" role="STUDENT">
    <courseExecutions />
  </user>
  <user key="671" name="Student 671" role="STUDENT">
    <courseExecutions />
  </user>
  <user key="621" name="Student 621" role="STUDENT">
    <courseExecutions />
  </user>
  <user key="668" name="Student 668" role="STUDENT">
    <courseExecutions />
  </user>
  <user key="636" name="Student 636" role="STUDENT">
    <courseExecutions />
  </user>
  <user key="623" name="Student 623" role="STUDENT">
    <courseExecutions />
  </user>
  <user key="675" name="Student 675" role="STUDENT">
    <courseExecutions />
  </user>
  <user key="672" name="Student 672" role="STUDENT">
    <courseExecutions />
  </user>
  <user key="624" name="Student 624" role="STUDENT">
    <courseExecutions />
  </user>
  <user key="625" name="Student 625" role="STUDENT">
    <courseExecutions />
  </user>
  <user key="664" name="Student 664" role="STUDENT">
    <courseExecutions />
  </user>
  <user key="637" name="Student 637" role="STUDENT">
    <courseExecutions />
  </user>
  <user key="628" name="Student 628" role="STUDENT">
    <courseExecutions />
  </user>
  <user key="629" name="Student 629" role="STUDENT">
    <courseExecutions />
  </user>
  <user key="658" name="Student 658" role="STUDENT">
    <courseExecutions />
  </user>
  <user key="656" name="Student 656" role="STUDENT">
    <courseExecutions />
  </user>
  <user key="616" name="Student 616" role="STUDENT">
    <courseExecutions />
  </user>
  <user key="619" name="Student 619" role="STUDENT">
    <courseExecutions />
  </user>
  <user key="620" name="Student 620" role="STUDENT">
    <courseExecutions />
  </user>
  <user key="626" name="Student 626" role="STUDENT">
    <courseExecutions />
  </user>
  <user key="659" name="Student 659" role="STUDENT">
    <courseExecutions />
  </user>
  <user key="657" name="Student 657" role="STUDENT">
    <courseExecutions />
  </user>
  <user key="618" name="Student 618" role="STUDENT">
    <courseExecutions />
  </user>
  <user key="634" name="Student 634" role="STUDENT">
    <courseExecutions />
  </user>
  <user key="667" name="Student 667" role="STUDENT">
    <courseExecutions />
  </user>
  <user key="642" name="Student 642" role="STUDENT">
    <courseExecutions />
  </user>
  <user key="663" name="Student 663" role="STUDENT">
    <courseExecutions />
  </user>
  <user key="644" name="Student 644" role="STUDENT">
    <courseExecutions />
  </user>
  <user key="666" name="Student 666" role="STUDENT">
    <courseExecutions />
  </user>
  <user key="652" name="Student 652" role="STUDENT">
    <courseExecutions />
  </user>
  <user key="622" name="Student 622" role="STUDENT">
    <courseExecutions />
  </user>
  <user key="692" name="Student 692" role="STUDENT">
    <courseExecutions>
      <courseExecution executionId="11" />
    </courseExecutions>
  </user>
  <user key="null" username="Demo-Admin" name="Demo-Admin" role="DEMO_ADMIN">
    <courseExecutions />
  </user>
  <user key="678" name="Student 678" role="STUDENT">
    <courseExecutions>
      <courseExecution executionId="11" />
    </courseExecutions>
  </user>
  <user key="679" name="Student 679" role="STUDENT">
    <courseExecutions>
      <courseExecution executionId="11" />
    </courseExecutions>
  </user>
  <user key="680" name="Student 680" role="STUDENT">
    <courseExecutions>
      <courseExecution executionId="11" />
    </courseExecutions>
  </user>
  <user key="681" name="Student 681" role="STUDENT">
    <courseExecutions>
      <courseExecution executionId="11" />
    </courseExecutions>
  </user>
  <user key="682" name="Student 682" role="STUDENT">
    <courseExecutions>
      <courseExecution executionId="11" />
    </courseExecutions>
  </user>
  <user key="683" name="Student 683" role="STUDENT">
    <courseExecutions>
      <courseExecution executionId="11" />
    </courseExecutions>
  </user>
  <user key="684" name="Student 684" role="STUDENT">
    <courseExecutions>
      <courseExecution executionId="11" />
    </courseExecutions>
  </user>
  <user key="685" name="Student 685" role="STUDENT">
    <courseExecutions>
      <courseExecution executionId="11" />
    </courseExecutions>
  </user>
  <user key="686" name="Student 686" role="STUDENT">
    <courseExecutions>
      <courseExecution executionId="11" />
    </courseExecutions>
  </user>
  <user key="687" name="Student 687" role="STUDENT">
    <courseExecutions>
      <courseExecution executionId="11" />
    </courseExecutions>
  </user>
  <user key="688" name="Student 688" role="STUDENT">
    <courseExecutions>
      <courseExecution executionId="11" />
    </courseExecutions>
  </user>
  <user key="689" name="Student 689" role="STUDENT">
    <courseExecutions>
      <courseExecution executionId="11" />
    </courseExecutions>
  </user>
  <user key="690" name="Student 690" role="STUDENT">
    <courseExecutions>
      <courseExecution executionId="11" />
    </courseExecutions>
  </user>
  <user key="691" name="Student 691" role="STUDENT">
    <courseExecutions>
      <courseExecution executionId="11" />
    </courseExecutions>
  </user>
  <user key="693" name="Student 693" role="STUDENT">
    <courseExecutions>
      <courseExecution executionId="11" />
    </courseExecutions>
  </user>
  <user key="694" name="Student 694" role="STUDENT">
    <courseExecutions>
      <courseExecution executionId="11" />
    </courseExecutions>
  </user>
  <user key="695" name="Student 695" role="STUDENT">
    <courseExecutions>
      <courseExecution executionId="11" />
    </courseExecutions>
  </user>
  <user key="696" name="Student 696" role="STUDENT">
    <courseExecutions>
      <courseExecution executionId="11" />
    </courseExecutions>
  </user>
  <user key="697" name="Student 697" role="STUDENT">
    <courseExecutions>
      <courseExecution executionId="11" />
    </courseExecutions>
  </user>
  <user key="698" name="Student 698" role="STUDENT">
    <courseExecutions>
      <courseExecution executionId="11" />
    </courseExecutions>
  </user>
  <user key="699" name="Student 699" role="STUDENT">
    <courseExecutions>
      <courseExecution executionId="11" />
    </courseExecutions>
  </user>
  <user key="700" name="Student 700" role="STUDENT">
    <courseExecutions>
      <courseExecution executionId="11" />
    </courseExecutions>
  </user>
  <user key="701" name="Student 701" role="STUDENT">
    <courseExecutions>
      <courseExecution executionId="11" />
    </courseExecutions>
  </user>
  <user key="702" name="Student 702" role="STUDENT">
    <courseExecutions>
      <courseExecution executionId="11" />
    </courseExecutions>
  </user>
  <user key="703" name="Student 703" role="STUDENT">
    <courseExecutions>
      <courseExecution executionId="11" />
    </courseExecutions>
  </user>
  <user key="704" name="Student 704" role="STUDENT">
    <courseExecutions>
      <courseExecution executionId="11" />
    </courseExecutions>
  </user>
  <user key="705" name="Student 705" role="STUDENT">
    <courseExecutions>
      <courseExecution executionId="11" />
    </courseExecutions>
  </user>
  <user key="706" name="Student 706" role="STUDENT">
    <courseExecutions>
      <courseExecution executionId="11" />
    </courseExecutions>
  </user>
  <user key="707" name="Student 707" role="STUDENT">
    <courseExecutions>
      <courseExecution executionId="11" />
    </courseExecutions>
  </user>
  <user key="708" name="Student 708" role="STUDENT">
    <courseExecutions>
      <courseExecution executionId="11" />
    </courseExecutions>
  </user>
  <user key="709" name="Student 709" role="STUDENT">
    <courseExecutions>
      <courseExecution executionId="11" />
    </courseExecutions>
  </user>
  <user key="710" name="Student 710" role="STUDENT">
    <courseExecutions>
      <courseExecution executionId="11" />
    </courseExecutions>
  </user>
  <user key="711" name="Student 711" role="STUDENT">
    <courseExecutions>
      <courseExecution executionId="11" />
    </courseExecutions>
  </user>
  <user key="712" name="Student 712" role="STUDENT">
    <courseExecutions>
      <courseExecution executionId="11" />
    </courseExecutions>
  </user>
  <user key="713" name="Student 713" role="STUDENT">
    <courseExecutions>
      <courseExecution executionId="11" />
    </courseExecutions>
  </user>
  <user key="714" name="Student 714" role="STUDENT">
    <courseExecutions>
      <courseExecution executionId="11" />
    </courseExecutions>
  </user>
  <user key="715" name="Student 715" role="STUDENT">
    <courseExecutions>
      <courseExecution executionId="11" />
    </courseExecutions>
  </user>
  <user key="716" name="Student 716" role="STUDENT">
    <courseExecutions>
      <courseExecution executionId="11" />
    </courseExecutions>
  </user>
  <user key="717" name="Student 717" role="STUDENT">
    <courseExecutions>
      <courseExecution executionId="11" />
    </courseExecutions>
  </user>
  <user key="718" name="Student 718" role="STUDENT">
    <courseExecutions>
      <courseExecution executionId="11" />
    </courseExecutions>
  </user>
  <user key="719" name="Student 719" role="STUDENT">
    <courseExecutions>
      <courseExecution executionId="11" />
    </courseExecutions>
  </user>
  <user key="720" name="Student 720" role="STUDENT">
    <courseExecutions>
      <courseExecution executionId="11" />
    </courseExecutions>
  </user>
  <user key="721" name="Student 721" role="STUDENT">
    <courseExecutions>
      <courseExecution executionId="11" />
    </courseExecutions>
  </user>
  <user key="722" name="Student 722" role="STUDENT">
    <courseExecutions>
      <courseExecution executionId="11" />
    </courseExecutions>
  </user>
  <user key="723" name="Student 723" role="STUDENT">
    <courseExecutions>
      <courseExecution executionId="11" />
    </courseExecutions>
  </user>
  <user key="724" name="Student 724" role="STUDENT">
    <courseExecutions>
      <courseExecution executionId="11" />
    </courseExecutions>
  </user>
  <user key="725" name="Student 725" role="STUDENT">
    <courseExecutions>
      <courseExecution executionId="11" />
    </courseExecutions>
  </user>
  <user key="726" name="Student 726" role="STUDENT">
    <courseExecutions>
      <courseExecution executionId="11" />
    </courseExecutions>
  </user>
  <user key="727" name="Student 727" role="STUDENT">
    <courseExecutions>
      <courseExecution executionId="11" />
    </courseExecutions>
  </user>
  <user key="728" name="Student 728" role="STUDENT">
    <courseExecutions>
      <courseExecution executionId="11" />
    </courseExecutions>
  </user>
  <user key="729" name="Student 729" role="STUDENT">
    <courseExecutions>
      <courseExecution executionId="11" />
    </courseExecutions>
  </user>
  <user key="730" name="Student 730" role="STUDENT">
    <courseExecutions>
      <courseExecution executionId="11" />
    </courseExecutions>
  </user>
  <user key="731" name="Student 731" role="STUDENT">
    <courseExecutions>
      <courseExecution executionId="11" />
    </courseExecutions>
  </user>
  <user key="732" name="Student 732" role="STUDENT">
    <courseExecutions>
      <courseExecution executionId="11" />
    </courseExecutions>
  </user>
  <user key="733" name="Student 733" role="STUDENT">
    <courseExecutions>
      <courseExecution executionId="11" />
    </courseExecutions>
  </user>
  <user key="734" name="Student 734" role="STUDENT">
    <courseExecutions>
      <courseExecution executionId="11" />
    </courseExecutions>
  </user>
  <user key="735" name="Student 735" role="STUDENT">
    <courseExecutions>
      <courseExecution executionId="11" />
    </courseExecutions>
  </user>
  <user key="736" name="Student 736" role="STUDENT">
    <courseExecutions>
      <courseExecution executionId="11" />
    </courseExecutions>
  </user>
</users>